{
  "pending_comments": "Pending Comments",
  "manage_stickers": "Manage Stickers",
  "spam_comments": "Spam Comments",
  "no_stickers_set_found": "No stickers set found",
  "add_sticker_set": "Add Sticker Set",
  "sticker_set_title": "Sticker Set Title",
  "save_change": "Save Change",
  "add_stickers": "Add Stickers",
  "edit_sticker_set": "Edit Sticker Set",
  "the_sticker_set_you_are_looking_for_either_does_not_exist_or_has_been_removed": "The sticker set you are looking for either does not exist or has been removed",
  "sticker_set_title_is_required": "Sticker Set Title is required",
  "total_stickers": "Total Stickers",
  "delete_this_sticker": "Delete this sticker",
  "are_you_sure_you_want_to_delete_this_sticker": "Are you sure you want to delete this sticker?",
  "mark_as_default": "Mark as default",
  "maximum_48_stickers_recommend_size_80_80_the_first_one_is_displayes_as_thumbnail_of_sticker_set_you_can_drag_drop_to_re_order": "Maximum 48 stickers. Recommend size 80x80. The first on is displays as thumbnail of sticker set, you can drag & drop to re-order.",
  "stickers_set": "Stickers set",
  "sticker_set_deleted_successfully": "Sticker set deleted successfully",
  "sticker_deleted_successfully": "Sticker deleted successfully",
  "sticker_set_updated_successfully": "Sticker set updated successfully",
  "sticker_set_added_successfully": "Sticker set added successfully",
  "default": "default",
  "are_you_sure_you_can_set_only_two_default_sticker_sets_and_you_can_not_delete_default_sticker_set": "Are you sure? You can set only two default sticker sets and you can not delete default sticker set",
  "sticker_set_marked_as_default_successfully": "Sticker set marked as default successfully",
  "remove_default": "Remove Default",
  "sticker_set_removed_default_successfully": "Sticker set removed default successfully",
  "add_new_sticker_set": "Add New Sticker Set",
  "delete_selected": "Delete Selected",
  "sticker_set_s_deleted_successfully": "Sticker set(s) deleted successfully",
  "failed_need_at_least_one_default_sticker_set": "Failed! Need at least one default sticker set",
  "oops_something_went_wrong": "Oops! Something went wrong, please try again",
  "view_one_more_comment": "View 1 more comment",
  "view_number_more_comments": "View {number} more comments",
  "this_comment_has_been_hidden": "This comment has been hidden.",
  "hide": "Hide",
  "unhide": "Unhide",
  "block_first_name": "Block {first_name}",
  "total_hidden": "{total} hidden",
  "remove_preview": "Remove Preview",
  "stickers": "Stickers",
  "all_stickers": "All Stickers",
  "my_stickers": "My Stickers",
  "recent_stickers": "Recent Stickers",
  "recent": "Recent",
  "attach_a_photo": "Attach a photo",
  "post_a_sticker": "Post a sticker",
  "insert_an_emoji": "Insert an emoji",
  "press_esc_to": "Press ESC to",
  "edit__l": "edit",
  "cancel__l": "cancel",
  "edited": "Edited",
  "show_edit_history": "Show edit history",
  "deleted_photo_attachment": "Deleted photo attachment.",
  "added_photo_attachment": "Added photo attachment.",
  "updated_photo_attachment": "Updated photo attachment.",
  "deleted_sticker_attachment": "Deleted sticker attachment.",
  "added_sticker_attachment": "Added sticker attachment.",
  "updated_sticker_attachment": "Updated sticker attachment.",
  "deleted_link_attachment": "Deleted link attachment.",
  "added_link_attachment": "Added link attachment.",
  "updated_link_attachment": "Updated link attachment.",
  "edit_history": "Edit History",
  "edits_to_comments_are_visible_to_everyone_who_can_see_this_comment": "Edits to comments are visible to everyone who can see this comment.",
  "you_havent_used_any_stickers_yet": "You haven't used any stickers yet",
  "you_havent_added_any_stickers_set_yet": "You haven't added any stickers set yet",
  "view_one_more_reply": "View 1 more reply",
  "view_span_number_more_replies": "View <span class=\"js_comment_number\">{number}<\/span> more replies",
  "view_more_replies": "View more replies",
  "hide_one_reply": "Hide 1 reply",
  "hide_number_replies": "Hide {number} replies",
  "full_name_replied_one_reply": "{full_name} replied - 1 reply",
  "full_name_replied_number_replies": "{full_name} replied - {number} replies",
  "approve_selected": "Approve Selected",
  "deny_selected": "Deny Selected",
  "comment_denied_successfully": "Comment denied successfully",
  "comment_approved_successfully": "Comment approved successfully",
  "comment_s_approved_successfully": "Comment(s) approved successfully",
  "comment_s_denied_successfully": "Comment(s) denied successfully",
  "preview_sticker_set": "Preview Sticker Set",
  "you_can_not_edit_or_delete_this_sticker_you_can_drag_drop_to_re_order": "You cannot edit or delete this sticker. You can drag & drop to re-order stickers",
  "core_sticker": "Core Sticker",
  "you__l": "you",
  "active__u": "Active",
  "please_remove_all_error_files_first": "Please remove all error files first!",
  "no_stickers_found_add_some_stickers_to_your_library_now": "No stickers found. Add some stickers to your library now?",
  "you_do_not_have_permission_to_view_this_comment": "You don't have permission to view this comment",
  "maximum_photos_you_can_upload_is_number": "Maximum photos you can upload is: {number}",
  "your_comment_has_been_added_successfully_it_is_waiting_for_an_admin_approval": "Your comment has been added successfully. It is waiting for an admin approval.",
  "\"Number of comment will be shown on activity feeds\" must be greater than or equal to 0": "",
  "\"Number of comment will be shown on item details\" must be greater than or equal to 0": "",
  "\"Number of replies will be shown on each comment on activity feeds\" must be greater than or equal to 0": "",
  "\"Number of replies will be shown on each comment on item details\" must be greater than or equal to 0": "",
  "your_user_group_is_not_allowed_to_add_comments": "Your user group is not allowed to add comments.",
  "view_full_item": "View Full Item",
  "a_href_link_on_name_s_item_name_a": "<a href=\"{link}\">On {name}'s {item_name}.<\/a>",
  "are_you_sure_you_want_to_delete_this_comment_permanently" : "Are you sure you want to delete this comment permanently?",
  "are_you_sure_you_want_to_approve_this_comment" : "Are you sure you want to approve this comment?",
  "are_you_sure_you_want_to_deny_this_comment" : "Are you sure you want to deny this comment?",
  "are_you_sure_you_want_to_approve_selected_comments" : "Are you completely sure you want to approve selected comments?",
  "are_you_sure_you_want_to_deny_selected_comments" : "Are you completely sure you want to deny selected comments?",
  "are_you_sure_you_want_to_delete_selected_stickers" : "Are you completely sure you want to delete selected stickers?"
}